"siteplus1","pvalue"
"1",0.400759924007599
"2",0.299070092990701
"3",0.392160783921608
"4",0.246175382461754
"5",0.863313668633137
"6",0.963703629637036
"7",0.723727627237276
"8",0.494450554944506
"9",0.0238976102389761
"10",0.599040095990401
"11",0.715628437156284
"12",0.0768923107689231
"13",0.675732426757324
"14",0.401759824017598
"15",1
"16",1
"17",1
"18",1
"19",0.501849815018498
"20",0.426457354264574
"21",0.608539146085392
"22",0.0158984101589841
"23",1
"24",0.397960203979602
"25",0.225477452254775
"26",1
"27",1
"28",0.0284971502849715
"29",0.40985901409859
"30",0.312668733126687
"31",0.597940205979402
"32",0.523247675232477
"33",0.405059494050595
"34",0.102289771022898
"35",0.597440255974403
"36",0.662733726627337
"37",0.621437856214379
"38",1
"39",1
"40",0.607539246075392
"41",1
"42",0.877212278772123
"43",1
"44",1
"45",1
"46",1
"47",0.612038796120388
"48",1
"49",0.515948405159484
"50",0.61013898610139
"51",1
"52",0.802619738026197
"53",1
"54",1
"55",1
"56",1
"57",1
"58",1
"59",0.390560943905609
"60",0.877712228777122
"61",1
"62",0.869513048695131
"63",0.783721627837216
"64",0.848015198480152
"65",0.377362263773623
"66",0.718228177182282
"67",1
"68",0.687631236876312
"69",1
"70",1
"71",0.609439056094391
"72",1
"73",1
"74",1
"75",0.626737326267373
"76",0.156384361563844
"77",1
"78",1
"79",1
"80",1
"81",1
"82",1
"83",0.777122287771223
"84",1
"85",1
"86",1
"87",0.570642935706429
"88",0.804419558044196
"89",0.906209379062094
"90",0.658534146585341
"91",1
"92",1
"93",0.227177282271773
"94",1
"95",0.560843915608439
"96",0.603239676032397
"97",0.781921807819218
"98",0.194580541945805
"99",1
"100",0.355264473552645
"101",0.596940305969403
"102",0.873912608739126
"103",1
"104",0.982001799820018
"105",0.402259774022598
"106",1
"107",1
"108",0.881211878812119
"109",0.400959904009599
"110",1
"111",0.564743525647435
"112",0.609339066093391
"113",0.603539646035396
"114",1
"115",1
"116",0.608539146085392
"117",0.852914708529147
"118",1
"119",1
"120",0.743925607439256
"121",1
"122",1
"123",0.38956104389561
"124",0.102889711028897
"125",0.388561143885611
"126",0.598440155984402
"127",0.91030896910309
"128",1
"129",1
"130",1
"131",0.78972102789721
"132",1
"133",0.939006099390061
"134",1
"135",0.791120887911209
"136",0.658234176582342
"137",0.515448455154485
"138",0.704629537046295
"139",0.191780821917808
"140",0.972702729727027
"141",0.472152784721528
"142",0.884811518848115
"143",0.061993800619938
"144",0.366963303669633
"145",0.422857714228577
"146",0.824217578242176
"147",0.787221277872213
"148",0.144685531446855
"149",0.101589841015898
"150",0.12048795120488
"151",0.276472352764724
"152",0.219078092190781
"153",0.219278072192781
"154",0.216978302169783
"155",0.123087691230877
"156",0.282071792820718
"157",0.0986901309869013
"158",0.0553944605539446
"159",0.446555344465553
"160",0.0974902509749025
"161",0.366263373662634
"162",0.398560143985601
"163",0.976502349765023
"164",0.647335266473353
"165",0.947205279472053
"166",0.624537546245375
"167",0.7997200279972
"168",0.337066293370663
"169",0.571042895710429
"170",0.22027797220278
"171",0.667833216678332
"172",0.491150884911509
"173",0.524547545245475
"174",0.602039796020398
"175",1
"176",0.803319668033197
"177",0.605339466053395
"178",0.71992800719928
"179",0.384761523847615
"180",0.198280171982802
"181",0.6005399460054
"182",0.943105689431057
"183",0.937606239376062
"184",0.354364563543646
"185",1
"186",0.945905409459054
"187",0.0441955804419558
"188",0.651634836516348
"189",0.365163483651635
"190",0.581541845815418
"191",0.308869113088691
"192",0.214778522147785
"193",0.366463353664634
"194",1
"195",1
"196",0.156184381561844
"197",0.844315568443156
"198",1
"199",0.0138986101389861
"200",0.835116488351165
"201",0.495050494950505
"202",0.460953904609539
"203",0.502149785021498
"204",0.148885111488851
"205",0.691330866913309
"206",0.744325567443256
"207",0.945805419458054
"208",0.0263973602639736
"209",0.0772922707729227
"210",0.130886911308869
"211",0.358364163583642
"212",0.604739526047395
"213",0.612838716128387
"214",0.602239776022398
"215",0.605739426057394
"216",0.602439756024398
"217",0.602939706029397
"218",0.604439556044396
"219",0.217078292170783
"220",0.133286671332867
"221",0.0463953604639536
"222",0.408259174082592
"223",0.970802919708029
"224",0.609339066093391
"225",0.805619438056194
"226",0.607139286071393
"227",0.577342265773423
"228",0.101989801019898
"229",0.455654434556544
"230",0.557344265573443
"231",0.598940105989401
"232",0.847415258474153
"233",0.876612338766123
"234",0.61023897610239
"235",0.3994600539946
"236",1
"237",0.684731526847315
"238",1
"239",1
"240",0.963003699630037
"241",0.223577642235776
"242",0.358164183581642
"243",1
"244",0.606539346065394
"245",1
"246",1
"247",1
"248",0.723827617238276
"249",0.851914808519148
"250",1
"251",0.789321067893211
"252",1
"253",1
"254",1
"255",1
"256",1
"257",0.392760723927607
"258",1
"259",0.578342165783422
"260",1
"261",1
"262",1
"263",0.367163283671633
"264",0.359064093590641
"265",0.713828617138286
"266",0.623137686231377
"267",0.786221377862214
"268",1
"269",0.407559244075592
"270",0.301169883011699
"271",0.378462153784622
"272",0.448355164483552
"273",1
"274",0.420757924207579
"275",1
"276",0.786621337866213
"277",1
"278",0.305969403059694
"279",1
"280",0.151084891510849
"281",0.598840115988401
"282",0.390760923907609
"283",1
"284",1
"285",0.362663733626637
"286",1
"287",1
"288",1
"289",1
"290",1
"291",1
"292",0.79012098790121
"293",1
"294",1
"295",0.785821417858214
"296",0.150584941505849
"297",1
"298",0.35956404359564
"299",1
"300",1
"301",1
"302",1
"303",1
"304",1
"305",0.156384361563844
"306",0.216378362163784
"307",0.884311568843116
"308",0.0705929407059294
"309",0.778222177782222
"310",0.792920707929207
"311",0.673332666733327
"312",0.20967903209679
"313",0.752024797520248
"314",0.596340365963404
"315",0.596040395960404
"316",0.792120787921208
"317",0.800619938006199
"318",0.837716228377162
"319",0.414758524147585
"320",0.397060293970603
"321",0.454254574542546
"322",1
"323",0.702829717028297
"324",0.387061293870613
"325",0.392960703929607
"326",1
"327",0.966303369663034
"328",0.878312168783122
"329",1
"330",0.878912108789121
"331",0.68993100689931
"332",0.610738926107389
"333",0.13968603139686
"334",1
"335",0.150684931506849
"336",1
"337",0.190680931906809
"338",1
"339",0.403759624037596
"340",0.244675532446755
"341",0.94020597940206
"342",0.77992200779922
"343",0.488751124887511
"344",0.598340165983402
"345",0.212878712128787
"346",0.155584441555844
"347",0.0655934406559344
"348",0.202179782021798
"349",1
"350",1
"351",0.295470452954705
"352",1
"353",0.0571942805719428
"354",1
"355",0.730626937306269
"356",0.584841515848415
"357",0.706129387061294
"358",0.606239376062394
"359",0.0240975902409759
"360",0.616638336166383
"361",0.118888111188881
"362",0.206979302069793
"363",0.395760423957604
"364",0.403859614038596
"365",0.423757624237576
"366",1
"367",0.218278172182782
"368",0.361863813618638
"369",0.606839316068393
"370",0.876912308769123
"371",0.552544745525448
"372",0.203679632036796
"373",0.465853414658534
"374",1
"375",0.829017098290171
"376",1
"377",0.828317168283172
"378",0.189081091890811
"379",0.95950404959504
"380",0.934306569343066
"381",0.793520647935206
"382",0.868313168683132
"383",1
"384",0.576942305769423
"385",0.782921707829217
"386",0.479052094790521
"387",0.363463653634637
"388",0.882411758824118
"389",0.214978502149785
"390",0.608439156084392
"391",0.335566443355664
"392",0.214978502149785
"393",0.93020697930207
"394",1
"395",0.37996200379962
"396",0.603039696030397
"397",0.603139686031397
"398",0.0714928507149285
"399",0.961603839616038
"400",0.0991900809919008
"401",0.851814818518148
"402",0.365963403659634
"403",0.371662833716628
"404",0.368363163683632
"405",0.414458554144586
"406",0.693430656934307
"407",0.46015398460154
"408",0.961003899610039
"409",0.788121187881212
"410",0.865913408659134
"411",1
"412",0.611138886111389
"413",0.0145985401459854
"414",0.695330466953305
"415",0.547645235476452
"416",0.274172582741726
"417",0.608639136086391
"418",1
"419",1
"420",1
"421",0.0274972502749725
"422",1
"423",0.961403859614039
"424",0.938806119388061
"425",0.918708129187081
"426",0.355864413558644
"427",0.392760723927607
"428",1
"429",0.797320267973203
"430",1
"431",0.0263973602639736
"432",1
"433",1
"434",0.392460753924608
"435",1
"436",1
"437",1
"438",0.353964603539646
"439",0.599240075992401
"440",0.545645435456454
"441",0.79042095790421
"442",0.369063093690631
"443",1
"444",0.712528747125287
"445",0.433256674332567
"446",0.804519548045195
"447",0.304269573042696
"448",0.783721627837216
"449",0.077992200779922
"450",0.798720127987201
"451",0.364363563643636
"452",0.585941405859414
"453",0.921207879212079
"454",0.884211578842116
"455",0.392860713928607
"456",1
"457",0.778922107789221
"458",0.938506149385061
"459",0.615938406159384
"460",0.190980901909809
"461",0.564043595640436
"462",0.0122987701229877
"463",0.319168083191681
"464",0.439556044395561
"465",0.610638936106389
"466",0.365363463653635
"467",0.948505149485051
"468",0.746825317468253
"469",0.0747925207479252
"470",0.216878312168783
"471",0.985701429857014
"472",0.788921107889211
"473",0.308169183081692
"474",0.133186681331867
"475",1
"476",0.679432056794321
"477",1
"478",0.368163183681632
"479",0.392260773922608
"480",0.79002099790021
"481",0.0141985801419858
"482",0.762823717628237
"483",0.606639336066393
"484",1
"485",1
"486",0.999100089991001
"487",0.0775922407759224
"488",1
"489",0.0590940905909409
"490",0.361663833616638
"491",0.0654934506549345
"492",1
"493",0.405159484051595
"494",0.602939706029397
"495",0.615738426157384
"496",0.215978402159784
"497",0.660933906609339
"498",1
"499",0.732626737326267
"500",0.772622737726227
"501",0.558844115588441
"502",1
"503",0.427457254274572
"504",1
"505",0.604039596040396
"506",0.602739726027397
"507",1
"508",1
"509",0.214278572142786
"510",0.274172582741726
"511",1
"512",0.546445355464453
"513",0.192180781921808
"514",1
"515",0.391460853914609
"516",0.848915108489151
"517",0.851614838516148
"518",0.850614938506149
"519",0.689131086891311
"520",0.393560643935606
"521",0.395360463953605
"522",0.387661233876612
"523",0.391760823917608
"524",0.400659934006599
"525",0.397360263973603
"526",0.417958204179582
"527",0.84051594840516
"528",0.806219378062194
"529",0.543545645435456
"530",0.872012798720128
"531",0.969303069693031
"532",0.614438556144386
"533",0.606739326067393
"534",0.43005699430057
"535",0.815518448155184
"536",0.296970302969703
"537",0.481951804819518
"538",0.396260373962604
"539",0.929107089291071
"540",1
"541",0.605639436056394
"542",1
"543",0.948105189481052
"544",1
"545",1
"546",0.48995100489951
"547",0.654034596540346
"548",0.418758124187581
"549",1
"550",0.607239276072393
"551",1
"552",1
"553",1
"554",1
"555",1
"556",1
"557",1
"558",1
"559",1
"560",1
"561",1
"562",1
"563",1
"564",1
"565",0.822817718228177
"566",0.398160183981602
"567",1
"568",1
"569",1
"570",1
"571",1
"572",1
"573",1
"574",1
"575",1
"576",0.600639936006399
"577",1
"578",1
"579",0.598540145985402
"580",0.61013898610139
"581",0.181381861813819
"582",0.607039296070393
"583",0.599140085991401
"584",1
"585",0.372762723727627
"586",1
"587",0.44995500449955
"588",1
"589",1
"590",0.964203579642036
"591",0.930606939306069
"592",1
"593",0.111788821117888
"594",1
"595",1
"596",1
"597",1
"598",0.218278172182782
"599",0.610938906109389
"600",0.604539546045396
"601",0.602239776022398
"602",0.212678732126787
"603",0.561543845615438
"604",0.19028097190281
"605",0.678432156784322
"606",1
"607",1
"608",1
"609",1
"610",0.39046095390461
"611",1
"612",1
"613",1
"614",1
"615",1
"616",1
"617",1
"618",1
"619",1
"620",1
"621",1
"622",1
"623",1
"624",1
"625",1
"626",1
"627",1
"628",1
"629",1
"630",1
"631",1
"632",1
"633",1
"634",1
"635",1
"636",1
"637",1
"638",1
"639",1
"640",1
"641",1
"642",1
"643",1
"644",1
"645",1
"646",1
"647",1
"648",1
"649",1
"650",1
"651",1
"652",1
"653",1
"654",1
"655",1
"656",1
"657",1
"658",1
"659",1
"660",1
"661",1
"662",1
"663",1
"664",1
"665",1
"666",1
"667",1
"668",1
"669",1
"670",1
"671",1
"672",1
"673",1
"674",1
"675",1
"676",1
"677",1
"678",1
"679",1
"680",1
"681",1
"682",1
"683",1
"684",1
"685",1
"686",1
"687",1
"688",1
"689",1
"690",1
"691",1
"692",1
"693",1
"694",1
"695",1
"696",1
"697",1
"698",1
"699",1
"700",1
"701",1
"702",1
"703",1
"704",1
"705",1
"706",1
"707",1
"708",1
"709",1
"710",1
"711",1
"712",1
"713",1
"714",0.396160383961604
"715",1
"716",1
"717",1
"718",1
"719",1
"720",1
"721",1
"722",1
"723",0.362463753624638
"724",1
"725",1
"726",1
"727",1
"728",1
"729",1
"730",1
"731",1
"732",1
"733",1
"734",1
"735",1
"736",1
"737",1
"738",1
"739",1
"740",1
"741",1
"742",1
"743",1
"744",1
"745",1
"746",1
"747",1
"748",1
"749",1
"750",1
"751",1
"752",1
"753",1
"754",1
"755",1
"756",1
"757",1
"758",1
"759",1
"760",1
"761",1
"762",1
"763",1
"764",1
"765",1
"766",1
"767",0.401159884011599
"768",1
"769",1
"770",1
"771",1
"772",1
"773",1
"774",1
"775",1
"776",1
"777",1
"778",1
"779",1
"780",1
"781",1
"782",1
"783",1
"784",1
"785",1
"786",1
"787",1
"788",1
"789",1
"790",1
"791",1
"792",1
"793",1
"794",1
"795",1
"796",1
"797",1
"798",1
"799",1
"800",1
"801",1
"802",1
"803",1
"804",1
"805",1
"806",1
"807",1
"808",1
"809",1
"810",1
"811",1
"812",1
"813",1
"814",1
"815",1
"816",1
"817",1
"818",1
"819",1
"820",1
"821",1
"822",1
"823",1
"824",1
"825",1
"826",1
"827",1
"828",1
"829",1
"830",1
"831",1
"832",1
"833",1
"834",1
"835",1
"836",1
"837",1
"838",1
"839",1
"840",1
"841",1
"842",1
"843",1
"844",1
"845",1
"846",1
"847",1
"848",1
"849",1
"850",1
"851",1
"852",1
"853",1
"854",1
"855",1
"856",1
"857",1
"858",1
"859",1
"860",1
"861",1
"862",1
"863",1
"864",1
"865",1
"866",1
"867",1
"868",1
"869",0.78982101789821
"870",1
"871",1
"872",1
"873",0.127187281271873
"874",1
"875",1
"876",1
"877",1
"878",1
"879",1
"880",1
"881",1
"882",1
"883",1
"884",1
"885",1
"886",1
"887",1
"888",1
"889",1
"890",1
"891",1
"892",1
"893",1
"894",1
"895",1
"896",1
"897",1
"898",1
"899",1
"900",1
"901",1
"902",1
"903",1
"904",1
"905",1
"906",1
"907",1
"908",1
"909",1
"910",1
"911",1
"912",1
"913",1
"914",1
"915",1
"916",1
"917",1
"918",1
"919",1
"920",1
"921",1
"922",1
"923",1
"924",1
"925",1
"926",1
"927",0.615538446155384
"928",0.610738926107389
"929",0.601139886011399
"930",0.598040195980402
"931",0.128687131286871
"932",0.129487051294871
"933",0.416758324167583
"934",0.282671732826717
"935",0.297270272972703
"936",0.310968903109689
"937",0.300569943005699
"938",0.933906609339066
"939",0.946005399460054
"940",0.576342365763424
"941",0.578742125787421
"942",1
"943",1
"944",1
"945",1
"946",1
"947",1
"948",1
"949",1
"950",1
"951",1
"952",1
"953",1
"954",1
"955",1
"956",1
"957",1
"958",1
"959",1
"960",1
"961",1
"962",1
"963",1
"964",1
"965",1
"966",1
"967",1
"968",1
"969",1
"970",1
"971",1
"972",1
"973",1
"974",1
"975",1
"976",1
"977",1
"978",1
"979",1
"980",1
"981",1
"982",1
"983",1
"984",1
"985",1
"986",1
"987",1
"988",1
"989",1
"990",1
"991",1
"992",1
"993",1
"994",1
"995",1
"996",1
"997",1
"998",1
"999",1
"1000",1
"1001",1
"1002",1
"1003",1
"1004",1
"1005",1
"1006",1
"1007",1
"1008",1
"1009",1
"1010",1
"1011",1
