posIndex,hxb2Pos,hxb2aa,conservation
0,1,M,4.321928094887363
1,2,R,3.910761604885237
2,3,V,4.246659827299928
3,4,K,3.3064041863959766
4,5,E,3.30751809843329
5,5a,-,4.05333433122154
6,5b,-,3.791316191961807
7,5c,-,3.416467581578864
8,6,K,3.2266299385911186
9,7,Y,4.246659827299928
10,8,Q,3.5250357461310555
11,9,H,3.7660419946942523
12,10,L,3.7545974322911118
13,11,W,4.321928094887363
14,12,R,4.321928094887363
15,13,W,4.321928094887363
16,14,G,4.321928094887363
17,15,W,4.321928094887363
18,16,R,3.2873755240229707
19,17,W,4.00879531312729
20,18,G,4.13880602658599
21,19,T,3.939956246123459
22,20,M,4.321928094887363
23,21,L,4.246659827299928
24,22,L,3.5007295293971836
25,23,G,4.321928094887363
26,24,M,4.321928094887363
27,25,L,3.914682048855904
28,26,M,3.6472302893439252
29,27,I,3.4360132455150465
30,28,C,4.246659827299928
31,29,S,3.6253757382171723
32,30,A,4.114840725924189
33,31,T,3.8476621502193877
34,32,E,3.015945878196213
35,33,K,3.353455182116926
36,34,L,4.065217777973797
37,35,W,4.321928094887363
38,36,V,4.321928094887363
39,37,T,4.246659827299928
40,38,V,4.321928094887363
41,39,Y,4.140114923191744
42,40,Y,4.321928094887363
43,41,G,4.321928094887363
44,42,V,4.321928094887363
45,43,P,4.321928094887363
46,44,V,4.246659827299928
47,45,W,4.321928094887363
48,46,K,3.3810877859065402
49,47,E,4.246659827299928
50,48,A,4.321928094887363
51,49,T,3.0733254346759455
52,50,T,4.321928094887363
53,51,T,4.321928094887363
54,52,L,4.321928094887363
55,53,F,4.321928094887363
56,54,C,4.321928094887363
57,55,A,4.321928094887363
58,56,S,4.246659827299928
59,57,D,4.114840725924189
60,58,A,4.321928094887363
61,59,K,4.114840725924189
62,60,A,4.171514114559269
63,61,Y,3.599064755109259
64,62,D,1.9684899504872688
65,63,T,3.3388269986775176
66,64,E,4.321928094887363
67,65,V,3.345404060394866
68,66,H,4.321928094887363
69,67,N,4.321928094887363
70,68,V,3.545037974310289
71,69,W,4.321928094887363
72,70,A,4.321928094887363
73,71,T,4.321928094887363
74,72,H,3.743970476457461
75,73,A,4.189862738412479
76,74,C,4.321928094887363
77,75,V,4.321928094887363
78,76,P,4.321928094887363
79,77,T,4.321928094887363
80,78,D,4.321928094887363
81,79,P,4.321928094887363
82,80,N,4.189862738412479
83,81,P,4.321928094887363
84,82,Q,4.321928094887363
85,83,E,4.321928094887363
86,84,V,3.511952378751293
87,85,V,2.1195845083164246
88,86,L,3.6149240299126024
89,87,V,2.8379026894455652
90,88,N,4.321928094887363
91,89,V,4.321928094887363
92,90,T,4.140114923191744
93,91,E,4.321928094887363
94,92,N,3.636873980110847
95,93,F,4.246659827299928
96,94,N,4.171514114559269
97,95,M,4.113297808973365
98,96,W,4.321928094887363
99,97,K,4.171514114559269
100,98,N,4.246659827299928
101,99,D,3.2770378347677376
102,100,M,4.321928094887363
103,101,V,3.5240764720774176
104,102,E,4.114840725924189
105,103,Q,4.321928094887363
106,104,M,4.321928094887363
107,105,H,3.6706715532955254
108,106,E,4.246659827299928
109,107,D,4.321928094887363
110,108,I,3.879666580539381
111,109,I,4.246659827299928
112,110,S,4.246659827299928
113,111,L,4.321928094887363
114,112,W,4.321928094887363
115,113,D,4.246659827299928
116,114,Q,3.8217354737875486
117,115,S,4.321928094887363
118,116,L,4.321928094887363
119,117,K,3.8692081643991747
120,118,P,4.321928094887363
121,119,C,4.321928094887363
122,120,V,4.140114923191744
123,121,K,3.6946701939824926
124,122,L,4.246659827299928
125,123,T,4.246659827299928
126,124,P,3.8839193183880343
127,125,L,4.321928094887363
128,126,C,4.321928094887363
129,127,V,4.321928094887363
130,128,S,4.171514114559269
131,129,L,4.321928094887363
132,130,K,3.146033277494684
133,131,C,4.321928094887363
134,132,T,3.0442173283778833
135,133,D,2.056207357008175
136,134,L,2.4421654126606587
137,135,K,1.6881557882286633
138,136,N,1.2548696495574534
139,137,D,1.5616036793553274
140,138,T,1.0685558055500528
141,139,N,1.2395296345803564
142,140,T,1.3499051035102299
143,141,N,1.1113289200975758
144,142,S,1.4300968230108606
145,142a,-,0.9043616691748029
146,142b,-,1.280868251773294
147,142c,-,1.4937583943941029
148,142d,-,1.4556801975746314
149,142e,-,2.1662890326577964
150,142f,-,2.0702989274995396
151,142g,-,2.7369655941662066
152,142h,-,2.7369655941662066
153,142i,-,3.403632260832873
154,142j,-,2.8219280948873626
155,142k,-,2.0702989274995396
156,142l,-,1.799872886013162
157,142m,-,1.7649490291804995
158,142n,-,0.9454067236135812
159,142o,-,1.0802114268057599
160,143,S,0.9328885122993964
161,144,S,0.978681258304678
162,145,G,0.7174043103759944
163,146,R,0.8491669957434129
164,147,M,1.8930228176043826
165,148,I,2.4564355320014766
166,149,M,2.902944614864519
167,150,E,2.121325778665988
168,151,K,3.2690116578191044
169,152,G,2.7131343782882906
170,153,E,3.7626510153973283
171,154,I,2.998870980971417
172,155,K,2.831638811688469
173,156,N,4.246659827299928
174,157,C,4.321928094887363
175,158,S,3.3195332810921236
176,159,F,4.246659827299928
177,160,N,3.7660419946942523
178,161,I,3.1222739043295067
179,162,S,4.021594956853032
180,163,T,4.246659827299928
181,164,S,3.633429321323389
182,165,I,3.0497829732268285
183,166,R,2.415231887474909
184,167,G,4.321928094887363
185,168,K,3.7480185414671783
186,169,V,3.307316642339493
187,170,Q,3.096231927613027
188,171,K,2.8483934918617186
189,172,E,2.955155932562134
190,173,Y,2.7808202813729808
191,174,A,4.140114923191744
192,175,F,4.171514114559269
193,176,F,4.321928094887363
194,177,Y,4.321928094887363
195,178,K,2.8636398471887716
196,179,L,3.8779848011494824
197,180,D,4.321928094887363
198,181,I,3.2007104925175747
199,182,I,3.904175195390522
200,183,P,2.673346726530789
201,184,I,2.984510720042632
202,185,D,1.8139185944713763
203,186,N,1.835814267147347
204,186a,-,1.6230366300008994
205,186b,-,2.595437936321521
206,186c,-,2.6781761404668605
207,186d,-,2.943144601401187
208,186e,-,2.4000000000000004
209,186f,-,2.8219280948873626
210,186g,-,3.3219280948873626
211,186h,-,4.321928094887363
212,186i,-,4.321928094887363
213,186j,-,4.321928094887363
214,186k,-,4.321928094887363
215,186l,-,4.321928094887363
216,186m,-,4.321928094887363
217,186n,-,4.321928094887363
218,186o,-,4.321928094887363
219,186p,-,3.5106499704282297
220,186q,-,3.0702989274995396
221,186r,-,2.350180837759182
222,186s,-,2.3011280001058805
223,186t,-,1.8080629729365083
224,186u,-,1.836896293629064
225,186v,-,1.5529704928095178
226,187,D,2.0359657398030553
227,188,T,2.1682261695841216
228,189,T,1.7949940174905468
229,190,S,2.0405067631724676
230,191,Y,4.246659827299928
231,192,K,3.939956246123459
232,193,L,4.140114923191744
233,194,T,4.021594956853032
234,195,S,4.096492102070979
235,196,C,4.321928094887363
236,197,N,4.094989452265875
237,198,T,4.321928094887363
238,199,S,4.321928094887363
239,200,V,4.00879531312729
240,201,I,4.140114923191744
241,202,T,4.189862738412479
242,203,Q,4.321928094887363
243,204,A,4.246659827299928
244,205,C,4.321928094887363
245,206,P,4.321928094887363
246,207,K,4.321928094887363
247,208,V,3.101978053939334
248,209,S,3.9779535805278288
249,210,F,4.321928094887363
250,211,E,4.189862738412479
251,212,P,4.321928094887363
252,213,I,4.321928094887363
253,214,P,4.321928094887363
254,215,I,4.321928094887363
255,216,H,4.321928094887363
256,217,Y,4.246659827299928
257,218,C,4.321928094887363
258,219,A,3.9779535805278288
259,220,P,4.321928094887363
260,221,A,4.321928094887363
261,222,G,4.321928094887363
262,223,F,4.189862738412479
263,224,A,3.9779535805278288
264,225,I,3.6706715532955254
265,226,L,3.9639231673569637
266,227,K,4.171514114559269
267,228,C,4.321928094887363
268,229,N,3.780999639250539
269,230,N,3.776177655405497
270,231,K,4.0202183635661575
271,232,T,3.2094575842657003
272,233,F,4.321928094887363
273,234,N,4.0202183635661575
274,235,G,4.321928094887363
275,236,T,3.9158028692116744
276,237,G,4.321928094887363
277,238,P,3.6808190471538054
278,239,C,4.321928094887363
279,240,T,3.22993462637291
280,241,N,4.246659827299928
281,242,V,4.246659827299928
282,243,S,4.321928094887363
283,244,T,4.321928094887363
284,245,V,4.189862738412479
285,246,Q,4.321928094887363
286,247,C,4.321928094887363
287,248,T,4.321928094887363
288,249,H,4.321928094887363
289,250,G,4.321928094887363
290,251,I,4.321928094887363
291,252,R,4.189862738412479
292,253,P,4.321928094887363
293,254,V,4.321928094887363
294,255,V,4.189862738412479
295,256,S,4.189862738412479
296,257,T,4.321928094887363
297,258,Q,4.189862738412479
298,259,L,4.321928094887363
299,260,L,4.321928094887363
300,261,L,4.321928094887363
301,262,N,4.321928094887363
302,263,G,4.321928094887363
303,264,S,4.321928094887363
304,265,L,4.189862738412479
305,266,A,4.114840725924189
306,267,E,4.140114923191744
307,268,E,3.120762714737981
308,269,E,3.5826963646067105
309,270,V,4.189862738412479
310,271,V,3.4854251899689133
311,272,I,4.114840725924189
312,273,R,3.8476621502193877
313,274,S,4.246659827299928
314,275,V,4.246659827299928
315,276,N,3.9341514930648853
316,277,F,3.5064057385601237
317,278,T,3.6812029368782677
318,279,D,2.9113390814630993
319,280,N,4.114840725924189
320,281,A,3.027067560317471
321,282,K,4.321928094887363
322,283,T,3.3036889487196683
323,284,I,4.246659827299928
324,285,I,4.246659827299928
325,286,V,4.321928094887363
326,287,Q,3.7950860213754027
327,288,L,4.140114923191744
328,289,N,4.321928094887363
329,290,T,2.7780915485218998
330,291,S,4.039943580706242
331,292,V,4.094989452265875
332,293,E,2.829912955916233
333,294,I,4.321928094887363
334,295,N,3.5023762957795226
335,296,C,4.321928094887363
336,297,T,3.9041751953905224
337,298,R,4.321928094887363
338,299,P,4.246659827299928
339,300,N,3.103321255500701
340,301,N,3.7599764284400807
341,302,N,4.171514114559269
342,303,T,3.684994278256137
343,304,R,4.246659827299928
344,305,K,2.9891544273219957
345,306,R,3.64039274572377
346,307,I,2.5928872170488177
347,308,R,1.6220168289701902
348,309,I,4.321928094887363
349,310,Q,4.321928094887363
350,311,R,3.647661828766694
351,312,G,4.321928094887363
352,313,P,4.096492102070979
353,314,G,4.321928094887363
354,315,R,3.2803898247058445
355,315a,-,3.730255316305035
356,316,A,2.862749434276419
357,316a,-,4.321928094887363
358,317,F,3.511472916775922
359,318,V,4.094989452265875
360,319,T,3.068527810756817
361,320,I,3.6581078161480933
362,321,G,4.246659827299928
363,321a,-,3.1246103167170984
364,322,K,3.903568028939193
365,322a,-,4.321928094887363
366,323,I,3.126346898771029
367,324,G,4.246086588510216
368,324a,-,4.321928094887363
369,325,N,3.403236744099436
370,326,M,3.7852506257076355
371,327,R,3.9639231673569637
372,328,Q,2.6692396373270597
373,329,A,4.321928094887363
374,330,H,3.2696801052410063
375,331,C,4.321928094887363
376,332,N,2.572289756055546
377,333,I,3.434446416924447
378,334,S,4.00879531312729
379,335,R,2.8214098536860504
380,336,A,3.945574543503753
381,337,K,2.425805655220459
382,338,W,4.321928094887363
383,339,N,2.4116707384928606
384,340,N,2.6733814838054943
385,341,T,2.9807811099618826
386,342,L,4.189862738412479
387,343,K,1.6642316282376717
388,344,Q,3.662148177378402
389,345,I,4.246659827299928
390,346,A,2.2635416610192958
391,347,S,2.0025133302952405
392,348,K,3.903568028939193
393,349,L,4.321928094887363
394,350,R,2.661605628701669
395,350a,-,4.321928094887363
396,350b,-,4.321928094887363
397,351,E,3.447069412362775
398,352,Q,3.6666456544029256
399,353,F,3.8894078515883495
400,354,G,1.5469847822921756
401,354a,-,3.3219280948873626
402,354b,-,3.3219280948873626
403,354c,-,3.3219280948873626
404,355,N,1.9162890326577964
405,356,N,3.00354158045062
406,357,K,2.669308040613372
407,358,T,2.9468494261012337
408,359,I,4.189862738412479
409,360,I,1.447173499311126
410,361,F,4.321928094887363
411,361a,-,4.321928094887363
412,361b,-,2.3219280948873626
413,362,K,2.5358059337215995
414,363,Q,3.7548074936179425
415,364,S,3.039778090096247
416,365,S,3.463435513864849
417,366,G,4.321928094887363
418,367,G,4.321928094887363
419,368,D,4.321928094887363
420,369,P,3.6158635764533074
421,370,E,4.321928094887363
422,371,I,3.6764564400013042
423,372,V,3.8105248229751902
424,373,T,3.3623935125870874
425,374,H,4.189862738412479
426,375,S,4.246659827299928
427,376,F,4.321928094887363
428,377,N,3.9272259196505415
429,378,C,4.321928094887363
430,379,G,3.9225238192437333
431,380,G,4.321928094887363
432,381,E,4.321928094887363
433,382,F,4.246659827299928
434,383,F,4.321928094887363
435,384,Y,4.321928094887363
436,385,C,4.321928094887363
437,386,N,3.9779535805278288
438,387,S,4.246659827299928
439,388,T,3.4015939455512707
440,389,Q,2.0068505343752023
441,390,L,4.171514114559269
442,391,F,4.321928094887363
443,392,N,3.3382052142356398
444,393,S,1.3540039813736358
445,394,T,2.7721586888260124
446,395,W,1.1203451957147346
447,396,F,1.1607352115776601
448,397,N,1.3338881348043814
449,398,S,2.099587681103849
450,399,T,1.5100489694945538
451,400,W,1.4666487017861582
452,401,S,2.3219280948873626
453,401a,-,2.7369655941662066
454,401b,-,4.321928094887363
455,401c,-,4.321928094887363
456,401d,-,3.3219280948873626
457,402,T,2.1662890326577964
458,403,E,1.348370832612177
459,404,G,1.1262613660468324
460,405,S,1.263118908311208
461,406,N,1.1686879771152836
462,407,N,1.1901839604456055
463,408,T,1.095642296813014
464,409,E,1.210025126070422
465,410,G,0.7109126871725988
466,411,S,2.7404864948907686
467,412,D,1.6405601316480185
468,413,T,3.2958935919006254
469,414,I,4.170369927758145
470,415,T,3.0371729744062534
471,415a,-,3.3219280948873626
472,416,L,3.8500310410122776
473,417,P,4.021594956853032
474,418,C,4.321928094887363
475,419,R,3.2629122588994877
476,420,I,4.321928094887363
477,421,K,4.189862738412479
478,422,Q,4.246659827299928
479,423,I,4.171514114559269
480,424,I,3.6342835614293048
481,425,N,3.648012102943993
482,426,M,4.094989452265875
483,427,W,4.321928094887363
484,428,Q,4.321928094887363
485,429,K,3.121492090729439
486,430,V,3.026563943542361
487,431,G,4.321928094887363
488,432,K,4.114840725924189
489,433,A,4.171514114559269
490,434,M,4.140114923191744
491,435,Y,4.321928094887363
492,436,A,4.114840725924189
493,437,P,4.246659827299928
494,438,P,4.246659827299928
495,439,I,3.794680617863328
496,440,S,2.608768073988256
497,441,G,4.321928094887363
498,442,Q,0.8735586619697302
499,443,I,4.171514114559269
500,444,R,3.011860795053959
501,445,C,4.321928094887363
502,446,S,2.8594428345457708
503,447,S,4.321928094887363
504,448,N,4.065217777973797
505,449,I,4.246659827299928
506,450,T,4.321928094887363
507,451,G,4.321928094887363
508,452,L,4.114840725924189
509,453,L,4.014471561892073
510,454,L,4.321928094887363
511,455,T,3.903568028939193
512,456,R,4.094989452265875
513,457,D,4.321928094887363
514,458,G,4.246659827299928
515,459,G,4.0042206634699165
516,459a,-,2.648995063013995
517,459b,-,1.800287458544044
518,459c,-,2.8219280948873626
519,459d,-,3.403632260832873
520,459e,-,3.403632260832873
521,459f,-,4.321928094887363
522,459g,-,4.321928094887363
523,459h,-,4.321928094887363
524,459i,-,4.321928094887363
525,459j,-,2.7369655941662066
526,459k,-,3.730255316305035
527,459l,-,2.2831673420246767
528,459m,-,1.6019637901449713
529,459n,-,1.779445401077635
530,459o,-,1.612506794989085
531,460,N,1.6561875254505272
532,461,S,1.0555823749410669
533,462,N,1.8374531091181607
534,463,N,1.3871534654763669
535,464,E,1.336319275352933
536,465,S,2.4799146307877677
537,466,E,4.246659827299928
538,467,I,3.473059338681507
539,468,F,4.321928094887363
540,469,R,4.246659827299928
541,470,P,4.321928094887363
542,471,G,3.217222591119759
543,472,G,4.321928094887363
544,473,G,4.321928094887363
545,474,D,3.574362905604758
546,475,M,3.404562879333583
547,476,R,3.943462666972191
548,477,D,4.321928094887363
549,478,N,4.246659827299928
550,479,W,4.321928094887363
551,480,R,4.321928094887363
552,480a,-,4.321928094887363
553,480b,-,4.321928094887363
554,480c,-,4.321928094887363
555,480d,-,4.321928094887363
556,480e,-,4.321928094887363
557,480f,-,4.321928094887363
558,480g,-,4.321928094887363
559,480h,-,4.321928094887363
560,480i,-,4.321928094887363
561,480j,-,4.321928094887363
562,480k,-,4.321928094887363
563,480l,-,4.321928094887363
564,481,S,3.654453874927857
565,482,E,4.246659827299928
566,483,L,4.321928094887363
567,483a,-,4.321928094887363
568,483b,-,4.321928094887363
569,483c,-,4.321928094887363
570,483d,-,4.321928094887363
571,483e,-,4.321928094887363
572,483f,-,4.321928094887363
573,483g,-,4.321928094887363
574,484,Y,4.321928094887363
575,485,K,4.246659827299928
576,486,Y,4.321928094887363
577,487,K,4.321928094887363
578,488,V,4.246659827299928
579,489,V,4.094989452265875
580,490,K,3.683941437010908
581,491,I,4.246659827299928
582,492,E,4.246659827299928
583,493,P,4.321928094887363
584,494,L,4.189862738412479
585,495,G,4.321928094887363
586,496,V,3.279270799627506
587,497,A,4.321928094887363
588,498,P,4.321928094887363
589,499,T,4.05333433122154
590,500,K,3.4163534457949876
591,501,A,4.321928094887363
592,502,K,3.5076396053084786
593,503,R,4.321928094887363
594,504,R,4.321928094887363
595,505,V,4.321928094887363
596,506,V,4.321928094887363
597,506a,-,3.403632260832873
598,506b,-,4.321928094887363
599,506c,-,4.321928094887363
600,506d,-,4.321928094887363
601,506e,-,2.7369655941662066
602,507,Q,3.234101920507525
603,508,R,4.065217777973797
604,509,E,3.665592813157697
605,510,K,4.321928094887363
606,511,R,4.321928094887363
607,512,A,4.321928094887363
608,513,V,4.246659827299928
609,513a,-,4.321928094887363
610,514,G,4.246659827299928
611,514a,-,4.321928094887363
612,515,I,4.140114923191744
613,516,G,4.321928094887363
614,517,A,4.171514114559269
615,518,L,3.7950860213754027
616,519,F,4.189862738412479
617,520,L,4.321928094887363
618,521,G,4.321928094887363
619,522,F,4.321928094887363
620,523,L,4.321928094887363
621,524,G,4.321928094887363
622,525,A,4.246659827299928
623,526,A,4.321928094887363
624,527,G,4.321928094887363
625,528,S,4.321928094887363
626,529,T,4.321928094887363
627,530,M,4.321928094887363
628,531,G,4.321928094887363
629,532,A,4.246659827299928
630,533,A,4.321928094887363
631,534,S,4.321928094887363
632,535,M,3.7988142044631705
633,536,T,4.171514114559269
634,537,L,4.321928094887363
635,538,T,4.321928094887363
636,539,V,4.189862738412479
637,540,Q,4.114840725924189
638,541,A,4.246659827299928
639,542,R,4.321928094887363
640,543,Q,4.321928094887363
641,544,L,4.246659827299928
642,545,L,4.321928094887363
643,546,S,4.140114923191744
644,547,G,4.321928094887363
645,548,I,4.321928094887363
646,549,V,4.321928094887363
647,550,Q,4.321928094887363
648,551,Q,4.321928094887363
649,552,Q,4.321928094887363
650,553,N,4.0202183635661575
651,554,N,4.246659827299928
652,555,L,4.321928094887363
653,556,L,4.321928094887363
654,557,R,4.114840725924189
655,558,A,4.321928094887363
656,559,I,4.321928094887363
657,560,E,4.321928094887363
658,561,A,4.246659827299928
659,562,Q,4.321928094887363
660,563,Q,4.05333433122154
661,564,H,4.114840725924189
662,565,L,3.3810877859065402
663,566,L,4.321928094887363
664,567,Q,4.321928094887363
665,568,L,4.321928094887363
666,569,T,4.321928094887363
667,570,V,4.321928094887363
668,571,W,4.321928094887363
669,572,G,4.321928094887363
670,573,I,4.321928094887363
671,574,K,4.321928094887363
672,575,Q,4.321928094887363
673,576,L,4.321928094887363
674,577,Q,4.321928094887363
675,578,A,4.321928094887363
676,579,R,4.321928094887363
677,580,I,4.05333433122154
678,581,L,4.321928094887363
679,582,A,4.321928094887363
680,583,V,4.171514114559269
681,584,E,4.321928094887363
682,585,R,4.246659827299928
683,586,Y,4.321928094887363
684,587,L,4.321928094887363
685,588,K,3.4406930816844925
686,589,D,4.321928094887363
687,590,Q,4.321928094887363
688,591,Q,2.9856927498363213
689,592,L,3.6973636623902615
690,593,L,4.321928094887363
691,594,G,4.021594956853032
692,595,I,4.321928094887363
693,596,W,4.321928094887363
694,597,G,4.321928094887363
695,598,C,4.321928094887363
696,599,S,4.321928094887363
697,600,G,4.246659827299928
698,601,K,4.321928094887363
699,602,L,3.2050435771894765
700,603,I,4.094989452265875
701,604,C,4.321928094887363
702,605,T,3.7318247484684637
703,606,T,4.321928094887363
704,607,A,2.91121797569082
705,608,V,4.321928094887363
706,609,P,4.246659827299928
707,610,W,4.321928094887363
708,611,N,4.171514114559269
709,612,A,3.815022299999714
710,613,S,3.794680617863328
711,614,W,4.321928094887363
712,615,S,4.321928094887363
713,615a,-,4.321928094887363
714,616,N,4.321928094887363
715,617,K,3.6973636623902615
716,618,S,3.8217354737875486
717,619,L,3.0610872366144735
718,620,E,2.7988764172777216
719,621,Q,3.2249523668469466
720,622,I,4.321928094887363
721,623,W,4.321928094887363
722,623a,-,4.321928094887363
723,624,N,2.075596329573242
724,625,H,4.171514114559269
725,626,T,4.140114923191744
726,627,T,4.321928094887363
727,628,W,4.321928094887363
728,629,M,2.6883940597806637
729,630,E,3.578520778309443
730,631,W,4.321928094887363
731,632,D,4.321928094887363
732,633,R,4.321928094887363
733,634,E,4.321928094887363
734,635,I,4.246659827299928
735,636,N,3.6362800290595545
736,637,N,4.246659827299928
737,638,Y,4.171514114559269
738,639,T,4.246659827299928
739,640,S,2.4164259609184455
740,641,L,3.2010791490543173
741,642,I,4.321928094887363
742,643,H,4.094989452265875
743,644,S,2.3425008491433195
744,645,L,3.3108363255572657
745,646,I,4.189862738412479
746,647,E,3.6913259006191876
747,648,E,3.172683573025508
748,649,S,4.058292204559454
749,650,Q,4.246659827299928
750,651,N,2.8933793387376
751,652,Q,4.321928094887363
752,653,Q,4.321928094887363
753,654,E,3.5817336610410555
754,655,K,2.9645015093818654
755,656,N,4.321928094887363
756,657,E,4.246659827299928
757,658,Q,3.8894078515883495
758,659,E,3.401593945551271
759,660,L,4.321928094887363
760,661,L,4.246659827299928
761,662,E,3.7210975749112656
762,663,L,4.246659827299928
763,664,D,3.990446689274079
764,665,K,3.511184599302368
765,666,W,4.321928094887363
766,667,A,3.7915035476060632
767,668,S,3.8692081643991747
768,669,L,4.321928094887363
769,670,W,4.321928094887363
770,671,N,3.353245028877741
771,672,W,4.321928094887363
772,673,F,4.321928094887363
773,674,N,3.200270225848476
774,675,I,4.171514114559269
775,676,T,3.743970476457461
776,677,N,2.5706888536058683
777,678,W,4.321928094887363
778,679,L,4.321928094887363
779,680,W,4.321928094887363
780,681,Y,4.321928094887363
781,682,I,4.321928094887363
782,683,K,3.578520778309443
783,684,L,4.058292204559454
784,685,F,4.246659827299928
785,686,I,4.189862738412479
786,687,M,3.768782776534716
787,688,I,4.114840725924189
788,689,V,4.05333433122154
789,690,G,4.321928094887363
790,691,G,4.140114923191744
791,692,L,4.321928094887363
792,693,V,4.189862738412479
793,694,G,4.246659827299928
794,695,L,4.321928094887363
795,696,R,4.321928094887363
796,697,I,4.171514114559269
797,698,V,3.6744394838727654
798,699,F,3.990446689274079
799,700,A,4.0202183635661575
800,701,V,4.039943580706242
801,702,L,4.065217777973797
802,703,S,4.140114923191744
803,704,I,4.114840725924189
804,705,V,4.321928094887363
805,706,N,4.189862738412479
806,707,R,4.321928094887363
807,708,V,4.246659827299928
808,709,R,4.321928094887363
809,710,Q,4.321928094887363
810,711,G,4.321928094887363
811,712,Y,4.321928094887363
812,713,S,4.321928094887363
813,714,P,4.321928094887363
814,715,L,4.0202183635661575
815,716,S,4.171514114559269
816,717,F,3.8134346452286136
817,718,Q,4.321928094887363
818,719,T,3.4605461434429916
819,719a,-,4.321928094887363
820,719b,-,4.321928094887363
821,719c,-,4.321928094887363
822,719d,-,4.321928094887363
823,719e,-,4.321928094887363
824,719f,-,4.321928094887363
825,719g,-,4.321928094887363
826,719h,-,4.321928094887363
827,719i,-,4.321928094887363
828,719j,-,4.321928094887363
829,719k,-,4.321928094887363
830,719l,-,4.321928094887363
831,719m,-,4.321928094887363
832,719n,-,4.321928094887363
833,719o,-,4.321928094887363
834,719p,-,4.321928094887363
835,719q,-,4.321928094887363
836,719r,-,4.321928094887363
837,719s,-,4.321928094887363
838,719t,-,4.321928094887363
839,719u,-,4.321928094887363
840,719v,-,4.321928094887363
841,719w,-,4.321928094887363
842,719x,-,4.321928094887363
843,719y,-,4.321928094887363
844,719z,-,4.321928094887363
845,719aa,-,4.321928094887363
846,719ab,-,4.321928094887363
847,719ac,-,4.321928094887363
848,719ad,-,4.321928094887363
849,719ae,-,4.321928094887363
850,719af,-,4.321928094887363
851,719ag,-,4.321928094887363
852,719ah,-,4.321928094887363
853,719ai,-,4.321928094887363
854,719aj,-,4.321928094887363
855,719ak,-,4.321928094887363
856,719al,-,4.321928094887363
857,719am,-,4.321928094887363
858,719an,-,4.321928094887363
859,719ao,-,4.321928094887363
860,719ap,-,4.321928094887363
861,719aq,-,4.321928094887363
862,719ar,-,4.321928094887363
863,719as,-,4.321928094887363
864,720,H,3.5238230111293554
865,721,L,2.224134787039394
866,722,P,3.8297896438018864
867,723,T,3.173695300195037
868,723a,-,3.3219280948873626
869,724,P,4.189862738412479
870,725,R,4.171514114559269
871,726,G,4.065217777973797
872,726a,-,2.8219280948873626
873,727,P,3.6758626799353458
874,728,D,4.321928094887363
875,729,R,4.00879531312729
876,730,P,4.094989452265875
877,731,E,3.9779535805278288
878,732,G,2.9620434217657996
879,733,I,4.189862738412479
880,734,E,4.189862738412479
881,735,E,4.171514114559269
882,736,E,3.389095063648864
883,737,G,4.065217777973797
884,738,G,4.246659827299928
885,739,E,4.246659827299928
886,740,R,4.039943580706242
887,741,D,3.404562879333583
888,742,R,4.094989452265875
889,743,D,3.642746712279962
890,744,R,4.065217777973797
891,745,S,4.321928094887363
892,746,I,4.0202183635661575
893,747,R,4.246659827299928
894,748,L,4.065217777973797
895,749,V,4.246659827299928
896,750,N,3.37067472222276
897,751,G,4.321928094887363
898,752,S,4.246659827299928
899,753,L,4.014471561892073
900,754,A,3.5576067295207245
901,755,L,4.00879531312729
902,756,I,2.9370797602841563
903,757,W,4.321928094887363
904,758,D,3.939956246123459
905,759,D,4.321928094887363
906,760,L,4.246659827299928
907,761,R,4.321928094887363
908,762,S,3.978690511159136
909,763,L,4.321928094887363
910,764,C,4.00879531312729
911,765,L,4.246659827299928
912,766,F,4.321928094887363
913,767,S,3.5018196908077703
914,768,Y,4.321928094887363
915,769,H,3.8056781340752437
916,770,R,3.6288364294013373
917,771,L,4.246659827299928
918,772,R,3.9341514930648853
919,773,D,4.321928094887363
920,774,L,3.4428891897557383
921,775,L,2.7980036968208166
922,776,L,3.5194976111109066
923,777,I,3.903568028939193
924,778,V,3.246846844518328
925,779,T,3.2033790737149324
926,780,R,4.188888446276664
927,781,I,3.7507723533401407
928,782,V,4.113297808973365
929,783,E,4.094779290454847
930,784,L,3.815376715541566
931,785,L,4.166821189600968
932,786,G,4.184828615987545
933,787,R,3.2381572463455663
934,787a,-,3.950548241950185
935,787b,-,4.2390915420737505
936,787c,-,4.2390915420737505
937,787d,-,3.689200178815584
938,787e,-,4.321928094887363
939,787f,-,4.321928094887363
940,787g,-,3.925545890849504
941,788,R,3.381836686060053
942,789,G,4.189862738412479
943,790,W,4.246659827299928
944,791,E,4.246659827299928
945,792,A,3.562104206545248
946,793,L,4.246659827299928
947,794,K,4.321928094887363
948,795,Y,4.096492102070979
949,796,W,4.321928094887363
950,797,W,4.094989452265875
951,798,N,4.189862738412479
952,799,L,4.114840725924189
953,800,L,4.321928094887363
954,801,Q,2.569958460581465
955,802,Y,4.321928094887363
956,803,W,4.321928094887363
957,804,S,3.201812830739315
958,805,Q,3.666010452619905
959,806,E,4.321928094887363
960,807,L,4.246659827299928
961,808,K,3.9779535805278288
962,809,N,2.9890665076874656
963,810,S,4.321928094887363
964,811,A,4.246659827299928
965,812,V,3.8734124649226525
966,813,S,4.321928094887363
967,814,L,4.246659827299928
968,815,L,3.28084869266737
969,816,N,3.5143054851296704
970,817,A,3.3496087380165185
971,818,T,2.811290427589313
972,819,A,4.246659827299928
973,820,I,3.943462666972191
974,821,A,3.356241994261863
975,822,V,3.683941437010908
976,823,A,4.094989452265875
977,824,E,4.094989452265875
978,825,G,4.189862738412479
979,826,T,4.321928094887363
980,827,D,4.321928094887363
981,828,R,4.246659827299928
982,829,V,3.6706715532955254
983,830,I,4.171514114559269
984,831,E,4.321928094887363
985,832,V,3.2260342361482683
986,833,V,3.4623641638216194
987,834,Q,4.321928094887363
988,835,G,3.0459461484914265
989,836,A,3.9225238192437333
990,837,C,3.8476621502193877
991,838,R,4.246659827299928
992,839,A,4.321928094887363
993,840,I,2.8861848409036934
994,841,R,3.6581078161480933
995,842,H,4.05333433122154
996,843,I,4.321928094887363
997,844,P,4.321928094887363
998,845,R,4.246659827299928
999,846,R,4.321928094887363
1000,847,I,4.189862738412479
1001,848,R,4.321928094887363
1002,849,Q,4.321928094887363
1003,850,G,4.321928094887363
1004,851,L,3.5617120667877704
1005,852,E,4.321928094887363
1006,853,R,4.039943580706242
1007,854,I,3.0233485666953572
1008,855,L,4.321928094887363
1009,856,L,3.244143211819453
1010,857,*,4.321928094887363
