distance_method,display_position,start_position,sieve_statistic,pvalue,qvalue
vxmatch_site,1,0,NAN,1.0,1.0
vxmatch_site,2,1,NAN,1.0,1.0
vxmatch_site,3,2,1.2691549623879521,0.19699999999999995,1.0
vxmatch_site,4,3,-0.63860496495914365,0.6471,1.0
vxmatch_site,5,4,NAN,1.0,1.0
vxmatch_site,6,5,-1.0000000000000009,0.29410000000000003,1.0
vxmatch_site,7,6,0.68261832049394289,0.5091,1.0
vxmatch_site,8,7,2.238234737908622,0.0383,1.0
vxmatch_site,9,8,0.99999999999999967,0.9714,1.0
vxmatch_site,10,9,-0.92029202518856268,0.34719999999999995,1.0
vxmatch_site,11,10,-0.63860496495914376,0.5792999999999999,1.0
vxmatch_site,12,11,0.99999999999999967,0.9715,1.0
vxmatch_site,13,12,0.46213129005323172,0.787,1.0
vxmatch_site,14,13,1.4313561708410931,0.11960000000000005,1.0
vxmatch_site,15,14,-0.32779671669503246,0.7961,1.0
vxmatch_site,16,15,0.874671376716608,0.4686,1.0
vxmatch_site,17,16,0.9195009512214195,0.4198,1.0
vxmatch_site,18,17,NAN,1.0,1.0
vxmatch_site,19,18,-0.4338343477604536,0.6538,1.0
vxmatch_site,20,19,0.29198258091608925,0.9218,1.0
vxmatch_site,21,20,NAN,1.0,1.0
vxmatch_site,22,21,0.8830451199002598,0.6478999999999999,1.0
vxmatch_site,23,22,NAN,1.0,1.0
vxmatch_site,24,23,NAN,1.0,1.0
vxmatch_site,25,24,1.2643354120835251,0.3248,1.0
vxmatch_site,26,25,0.29198258091608925,0.9191,1.0
vxmatch_site,27,26,0.99999999999999967,0.9715,1.0
vxmatch_site,28,27,-0.52973443315658841,0.6579999999999999,1.0
vxmatch_site,29,28,NAN,1.0,1.0
vxmatch_site,30,29,NAN,1.0,1.0
vxmatch_site,31,30,NAN,1.0,1.0
vxmatch_site,32,31,0.41739469989875055,0.6592,1.0
vxmatch_site,33,32,NAN,1.0,1.0
vxmatch_site,34,33,NAN,1.0,1.0
vxmatch_site,35,34,NAN,1.0,1.0
vxmatch_site,36,35,1.2643354120835251,0.32820000000000005,1.0
vxmatch_site,37,36,NAN,1.0,1.0
vxmatch_site,38,37,NAN,1.0,1.0
vxmatch_site,39,38,NAN,1.0,1.0
vxmatch_site,40,39,1.2643354120835248,0.3977000000000001,1.0
vxmatch_site,41,40,-0.63860496495914365,0.6494,1.0
vxmatch_site,42,41,NAN,1.0,1.0
vxmatch_site,43,42,NAN,1.0,1.0
vxmatch_site,44,43,-1.0000000000000007,0.3858,1.0
vxmatch_site,45,44,1.317487382323228,0.20230000000000006,1.0
vxmatch_site,46,45,0.29198258091608931,0.8002,1.0
vxmatch_site,47,46,NAN,1.0,1.0
vxmatch_site,48,47,-0.025463173422894139,0.9332,1.0
vxmatch_site,49,48,0.41991972693374185,0.7831,1.0
vxmatch_site,50,49,NAN,1.0,1.0
vxmatch_site,51,50,NAN,1.0,1.0
vxmatch_site,52,51,NAN,1.0,1.0
vxmatch_site,53,52,NAN,1.0,1.0
vxmatch_site,54,53,1.2964147347844837,0.2137,1.0
vxmatch_site,55,54,1.7593288763724908,0.21940000000000004,1.0
vxmatch_site,56,55,NAN,1.0,1.0
vxmatch_site,57,56,NAN,1.0,1.0
vxmatch_site,58,57,1.2691549623879517,0.254,1.0
vxmatch_site,59,58,NAN,1.0,1.0
vxmatch_site,60,59,0.88304511990026002,0.6466000000000001,1.0
vxmatch_site,61,60,0.68261832049394333,0.3632,1.0
vxmatch_site,62,61,-1.0000000000000002,0.6058,1.0
vxmatch_site,63,62,-0.19421120559950386,1.0,1.0
vxmatch_site,64,63,NAN,1.0,1.0
vxmatch_site,65,64,-0.22364722994247779,1.0,1.0
vxmatch_site,66,65,-1.4252192813739222,0.22030000000000005,1.0
vxmatch_site,67,66,0.51685701590541389,0.6806,1.0
vxmatch_site,68,67,-0.22364722994247785,0.8376,1.0
vxmatch_site,69,68,NAN,1.0,1.0
vxmatch_site,70,69,0.052834616225321956,0.925,1.0
vxmatch_site,71,70,NAN,1.0,1.0
vxmatch_site,72,71,-0.66219150267985127,0.7067,1.0
vxmatch_site,73,72,NAN,1.0,1.0
vxmatch_site,74,73,NAN,1.0,1.0
vxmatch_site,75,74,NAN,1.0,1.0
vxmatch_site,76,75,NAN,1.0,1.0
vxmatch_site,77,76,1.0000000000000002,0.6224000000000001,1.0
vxmatch_site,78,77,NAN,1.0,1.0
vxmatch_site,79,78,NAN,1.0,1.0
vxmatch_site,80,79,NAN,1.0,1.0
vxmatch_site,81,80,NAN,1.0,1.0
vxmatch_site,82,81,NAN,1.0,1.0
vxmatch_site,83,82,NAN,1.0,1.0
vxmatch_site,84,83,1.6778694942505685,0.113,1.0
vxmatch_site,85,84,1.0000000000000007,0.4356,1.0
vxmatch_site,85a,85,-1.0000000000000004,0.5107999999999999,1.0
vxmatch_site,85b,86,-1.0000000000000004,0.5107999999999999,1.0
vxmatch_site,85c,87,-1.0000000000000004,0.5107999999999999,1.0
vxmatch_site,85d,88,-1.0000000000000004,0.5107999999999999,1.0
vxmatch_site,85e,89,-1.0000000000000004,0.5107999999999999,1.0
vxmatch_site,86,90,NAN,1.0,1.0
vxmatch_site,87,91,NAN,1.0,1.0
vxmatch_site,88,92,NAN,1.0,1.0
vxmatch_site,89,93,NAN,1.0,1.0
vxmatch_site,90,94,NAN,1.0,1.0
vxmatch_site,90a,95,-1.0000000000000011,0.21640000000000004,1.0
vxmatch_site,90b,96,-1.0000000000000011,0.21640000000000004,1.0
vxmatch_site,90c,97,0.29198258091608936,0.5987,1.0
vxmatch_site,91,98,0.29198258091608936,0.6014999999999999,1.0
vxmatch_site,92,99,NAN,1.0,1.0
vxmatch_site,93,100,0.41606453243087432,0.7444999999999998,1.0
vxmatch_site,94,101,1.3545150314790571,0.2625,1.0
vxmatch_site,95,102,NAN,1.0,1.0
vxmatch_site,96,103,NAN,1.0,1.0
vxmatch_site,96a,104,NAN,1.0,1.0
