distance_method,display_position,start_position,placebo_distance,vaccine_distance,sieve_statistic,pvalue,qvalue
vxmatch_site,1,0,0.0,0.0,NAN,1.0,1.0
vxmatch_site,2,1,0.0,0.0,NAN,1.0,1.0
vxmatch_site,3,2,0.39393939393939392,0.44186046511627908,0.49049962210873838,0.63829999999999998,1.0
vxmatch_site,4,3,0.045454545454545456,0.0,-1.7593288763724926,0.19779999999999998,1.0
vxmatch_site,5,4,0.0,0.0,NAN,1.0,1.0
vxmatch_site,6,5,0.0,0.0,NAN,1.0,1.0
vxmatch_site,7,6,0.0,0.046511627906976744,1.4313561708410938,0.037100000000000022,1.0
vxmatch_site,8,7,0.12121212121212122,0.16279069767441862,0.59496626978830947,0.48260000000000003,1.0
vxmatch_site,9,8,0.18181818181818182,0.20930232558139536,0.34823622078666855,0.7964,1.0
vxmatch_site,10,9,0.30303030303030304,0.30232558139534882,-0.0077487354441007107,1.0,1.0
vxmatch_site,11,10,0.24242424242424243,0.2558139534883721,0.15609422212746604,0.87560000000000004,1.0
vxmatch_site,12,11,0.15151515151515152,0.18604651162790697,0.46213129005323161,0.79289999999999994,1.0
vxmatch_site,12a,12,0.015151515151515152,0.0,-1.0000000000000009,0.29410000000000003,1.0
vxmatch_site,12b,13,0.015151515151515152,0.0,-1.0000000000000009,0.29410000000000003,1.0
vxmatch_site,12c,14,0.015151515151515152,0.0,-1.0000000000000009,0.29410000000000003,1.0
vxmatch_site,12d,15,0.015151515151515152,0.0,-1.0000000000000009,0.29410000000000003,1.0
vxmatch_site,13,16,0.0,0.0,NAN,1.0,1.0
vxmatch_site,14,17,0.045454545454545456,0.023255813953488372,-0.63860496495914376,0.57240000000000002,1.0
vxmatch_site,15,18,0.030303030303030304,0.023255813953488372,-0.22364722994247785,0.84199999999999997,1.0
vxmatch_site,16,19,0.07575757575757576,0.16279069767441862,1.323829290903102,0.2056,1.0
vxmatch_site,17,20,0.015151515151515152,0.0,-1.0000000000000002,0.59529999999999994,1.0
vxmatch_site,18,21,0.07575757575757576,0.046511627906976744,-0.63322538675445339,0.65139999999999998,1.0
vxmatch_site,19,22,0.090909090909090912,0.23255813953488372,1.9063841183192889,0.080600000000000005,1.0
vxmatch_site,20,23,0.015151515151515152,0.069767441860465115,1.2964147347844832,0.28190000000000004,1.0
vxmatch_site,21,24,0.53030303030303028,0.65116279069767447,1.2572955881867451,0.22070000000000001,1.0
vxmatch_site,22,25,0.34848484848484851,0.27906976744186046,-0.76270151621105098,0.48619999999999997,1.0
vxmatch_site,23,26,0.030303030303030304,0.023255813953488372,-0.22364722994247785,0.83360000000000001,1.0
vxmatch_site,23a,27,0.10606060606060606,0.13953488372093023,0.50945234788322891,0.75070000000000003,1.0
vxmatch_site,23b,28,0.090909090909090912,0.11627906976744186,0.41606453243087455,0.57169999999999999,1.0
vxmatch_site,23c,29,0.090909090909090912,0.11627906976744186,0.41606453243087455,0.57169999999999999,1.0
vxmatch_site,23d,30,0.090909090909090912,0.093023255813953487,0.036913436859704572,0.88629999999999998,1.0
vxmatch_site,23e,31,0.07575757575757576,0.046511627906976744,-0.6332253867544535,0.56559999999999999,1.0
vxmatch_site,23f,32,0.030303030303030304,0.0,-1.425219281373922,0.31999999999999995,1.0
vxmatch_site,23g,33,0.015151515151515152,0.0,-1.0000000000000004,0.50509999999999999,1.0
vxmatch_site,23h,34,0.015151515151515152,0.046511627906976744,0.874671376716608,0.46779999999999999,1.0
vxmatch_site,23i,35,0.015151515151515152,0.046511627906976744,0.874671376716608,0.46779999999999999,1.0
vxmatch_site,23j,36,0.030303030303030304,0.046511627906976744,0.41739469989875033,0.95650000000000002,1.0
vxmatch_site,23k,37,0.045454545454545456,0.069767441860465115,0.51685701590541411,0.62030000000000007,1.0
vxmatch_site,23l,38,0.045454545454545456,0.069767441860465115,0.51685701590541411,0.62030000000000007,1.0
vxmatch_site,24,39,0.07575757575757576,0.093023255813953487,0.310802697932473,0.83319999999999994,1.0
vxmatch_site,25,40,0.10606060606060606,0.13953488372093023,0.50945234788322902,0.66759999999999997,1.0
vxmatch_site,26,41,0.015151515151515152,0.023255813953488372,0.2919825809160892,1.0,1.0
vxmatch_site,27,42,0.78787878787878785,0.55813953488372092,-2.5002596407822173,0.017700000000000049,1.0
vxmatch_site,28,43,0.10606060606060606,0.093023255813953487,-0.22140336420043363,0.91400000000000003,1.0
vxmatch_site,29,44,0.030303030303030304,0.0,-1.4252192813739213,0.51580000000000004,1.0
vxmatch_site,30,45,0.0,0.023255813953488372,1.0,0.73070000000000002,1.0
vxmatch_site,31,46,0.0,0.0,NAN,1.0,1.0
vxmatch_site,32,47,0.060606060606060608,0.0,-2.0478155158843685,0.15210000000000001,1.0
vxmatch_site,33,48,0.030303030303030304,0.046511627906976744,0.41739469989875028,0.98809999999999998,1.0
vxmatch_site,34,49,0.0,0.0,NAN,1.0,1.0
vxmatch_site,35,50,0.12121212121212122,0.11627906976744186,-0.077178951114647357,0.98380000000000001,1.0
vxmatch_site,36,51,0.0,0.0,NAN,1.0,1.0
vxmatch_site,37,52,0.0,0.0,NAN,1.0,1.0
vxmatch_site,38,53,0.19696969696969696,0.13953488372093023,-0.78951547774646191,0.39290000000000003,1.0
vxmatch_site,39,54,0.045454545454545456,0.0,-1.7593288763724919,0.27280000000000004,1.0
vxmatch_site,40,55,0.07575757575757576,0.069767441860465115,-0.11697243987373904,0.72870000000000001,1.0
vxmatch_site,41,56,0.0,0.0,NAN,1.0,1.0
vxmatch_site,42,57,0.0,0.0,NAN,1.0,1.0
vxmatch_site,43,58,0.36363636363636365,0.2558139534883721,-1.1985617442034877,0.29339999999999999,1.0
vxmatch_site,44,59,0.015151515151515152,0.0,-1.0000000000000013,0.13090000000000002,1.0
vxmatch_site,45,60,0.060606060606060608,0.0,-2.0478155158843685,0.14749999999999996,1.0
vxmatch_site,46,61,0.090909090909090912,0.13953488372093023,0.75663095155490512,0.37490000000000001,1.0
vxmatch_site,47,62,0.060606060606060608,0.023255813953488372,-0.99231771896928267,0.20789999999999997,1.0
vxmatch_site,48,63,0.030303030303030304,0.0,-1.4252192813739222,0.22240000000000004,1.0
vxmatch_site,49,64,0.030303030303030304,0.0,-1.4252192813739222,0.22240000000000004,1.0
vxmatch_site,50,65,0.36363636363636365,0.30232558139534882,-0.66182043885729092,0.53970000000000007,1.0
vxmatch_site,51,66,0.060606060606060608,0.069767441860465115,0.18618814649990451,0.73370000000000002,1.0
vxmatch_site,52,67,0.030303030303030304,0.0,-1.4252192813739213,0.52629999999999999,1.0
vxmatch_site,53,68,0.10606060606060606,0.13953488372093023,0.50945234788322902,0.66649999999999998,1.0
vxmatch_site,54,69,0.13636363636363635,0.093023255813953487,-0.70117285371034277,0.44610000000000005,1.0
vxmatch_site,55,70,0.40909090909090912,0.44186046511627908,0.33461136830411697,0.84099999999999997,1.0
vxmatch_site,56,71,0.2878787878787879,0.093023255813953487,-2.7118974276892476,0.0050000000000000044,0.57750000000000057
vxmatch_site,57,72,0.015151515151515152,0.046511627906976744,0.87467137671660833,0.31969999999999998,1.0
vxmatch_site,58,73,0.030303030303030304,0.023255813953488372,-0.22364722994247779,1.0,1.0
vxmatch_site,59,74,0.54545454545454541,0.44186046511627908,-1.0525838786132844,0.32769999999999999,1.0
vxmatch_site,60,75,0.090909090909090912,0.11627906976744186,0.4160645324308746,0.54699999999999993,1.0
vxmatch_site,61,76,0.045454545454545456,0.13953488372093023,1.5843285633464357,0.11439999999999995,1.0
vxmatch_site,62,77,0.015151515151515152,0.0,-1.0000000000000013,0.13490000000000002,1.0
vxmatch_site,63,78,0.10606060606060606,0.2558139534883721,1.9347046015845644,0.044599999999999973,1.0
vxmatch_site,63a,79,0.015151515151515152,0.046511627906976744,0.87467137671660822,0.38649999999999995,1.0
vxmatch_site,63b,80,0.0,0.023255813953488372,0.99999999999999956,1.0,1.0
vxmatch_site,63c,81,0.015151515151515152,0.046511627906976744,0.87467137671660822,0.38649999999999995,1.0
vxmatch_site,64,82,0.22727272727272727,0.2558139534883721,0.33555770797326662,0.79930000000000001,1.0
vxmatch_site,64a,83,0.27272727272727271,0.27906976744186046,0.071623283199163557,0.89949999999999997,1.0
vxmatch_site,64b,84,0.62121212121212122,0.55813953488372092,-0.64738313786653745,0.54370000000000007,1.0
vxmatch_site,65,85,0.37878787878787878,0.30232558139534882,-0.82250163960745504,0.39100000000000001,1.0
vxmatch_site,66,86,0.0,0.0,NAN,1.0,1.0
vxmatch_site,67,87,0.0,0.0,NAN,1.0,1.0
vxmatch_site,68,88,0.0,0.0,NAN,1.0,1.0
vxmatch_site,69,89,0.0,0.0,NAN,1.0,1.0
vxmatch_site,70,90,0.015151515151515152,0.0,-1.0000000000000009,0.28710000000000002,1.0
vxmatch_site,71,91,0.15151515151515152,0.13953488372093023,-0.17226639258874049,0.99519999999999997,1.0
vxmatch_site,72,92,0.0,0.0,NAN,1.0,1.0
vxmatch_site,73,93,0.0,0.0,NAN,1.0,1.0
vxmatch_site,74,94,0.015151515151515152,0.0,-1.0000000000000013,0.13149999999999995,1.0
vxmatch_site,75,95,0.0,0.0,NAN,1.0,1.0
vxmatch_site,76,96,0.0,0.0,NAN,1.0,1.0
vxmatch_site,77,97,0.0,0.0,NAN,1.0,1.0
vxmatch_site,78,98,0.0,0.0,NAN,1.0,1.0
vxmatch_site,79,99,0.0,0.0,NAN,1.0,1.0
vxmatch_site,80,100,0.015151515151515152,0.0,-1.0000000000000002,0.5887,1.0
vxmatch_site,81,101,0.46969696969696972,0.37209302325581395,-1.0069821701050685,0.3226,1.0
vxmatch_site,82,102,0.0,0.0,NAN,1.0,1.0
vxmatch_site,83,103,0.13636363636363635,0.2558139534883721,1.499643225439534,0.20709999999999995,1.0
vxmatch_site,84,104,0.0,0.0,NAN,1.0,1.0
vxmatch_site,85,105,0.015151515151515152,0.0,-1.0000000000000004,0.50659999999999994,1.0
vxmatch_site,86,106,0.0,0.0,NAN,1.0,1.0
vxmatch_site,87,107,0.015151515151515152,0.0,-1.0000000000000007,0.38500000000000001,1.0
vxmatch_site,88,108,0.030303030303030304,0.023255813953488372,-0.22364722994247785,0.83630000000000004,1.0
vxmatch_site,89,109,0.0,0.0,NAN,1.0,1.0
vxmatch_site,90,110,0.0,0.0,NAN,1.0,1.0
vxmatch_site,91,111,0.0,0.0,NAN,1.0,1.0
vxmatch_site,92,112,0.07575757575757576,0.046511627906976744,-0.63322538675445339,0.65629999999999999,1.0
vxmatch_site,93,113,0.0,0.0,NAN,1.0,1.0
vxmatch_site,94,114,0.0,0.023255813953488372,1.0,0.73740000000000006,1.0
vxmatch_site,95,115,0.0,0.0,NAN,1.0,1.0
vxmatch_site,96,116,0.0,0.0,NAN,1.0,1.0
vxmatch_site,97,117,0.0,0.0,NAN,1.0,1.0
vxmatch_site,98,118,0.24242424242424243,0.11627906976744186,-1.7373188998298543,0.095600000000000018,1.0
vxmatch_site,99,119,0.015151515151515152,0.023255813953488372,0.29198258091608931,0.80020000000000002,1.0
vxmatch_site,100,120,0.0,0.0,NAN,1.0,1.0
vxmatch_site,101,121,0.12121212121212122,0.13953488372093023,0.27321693683145937,0.99839999999999995,1.0
vxmatch_site,102,122,0.045454545454545456,0.023255813953488372,-0.63860496495914376,0.56929999999999992,1.0
vxmatch_site,103,123,0.0,0.0,NAN,1.0,1.0
vxmatch_site,104,124,0.22727272727272727,0.11627906976744186,-1.5468889257408438,0.076300000000000034,1.0
vxmatch_site,105,125,0.24242424242424243,0.27906976744186046,0.41991972693374185,0.77360000000000007,1.0
vxmatch_site,106,126,0.0,0.0,NAN,1.0,1.0
vxmatch_site,107,127,0.07575757575757576,0.046511627906976744,-0.6332253867544535,0.55230000000000001,1.0
vxmatch_site,108,128,0.21212121212121213,0.18604651162790697,-0.33177252265082696,0.75990000000000002,1.0
vxmatch_site,109,129,0.0,0.0,NAN,1.0,1.0
vxmatch_site,110,130,0.0,0.0,NAN,1.0,1.0
vxmatch_site,111,131,0.0,0.0,NAN,1.0,1.0
vxmatch_site,112,132,0.0,0.0,NAN,1.0,1.0
vxmatch_site,113,133,0.0,0.0,NAN,1.0,1.0
vxmatch_site,114,134,0.030303030303030304,0.0,-1.4252192813739213,0.5202,1.0
vxmatch_site,115,135,0.090909090909090912,0.023255813953488372,-1.5891875218803617,0.24060000000000004,1.0
vxmatch_site,116,136,0.40909090909090912,0.44186046511627908,0.33461136830411703,0.74530000000000007,1.0
vxmatch_site,117,137,0.0,0.0,NAN,1.0,1.0
vxmatch_site,118,138,0.0,0.0,NAN,1.0,1.0
vxmatch_site,119,139,0.0,0.0,NAN,1.0,1.0
vxmatch_site,120,140,0.19696969696969696,0.046511627906976744,-2.5470884552159223,0.027499999999999969,1.0
vxmatch_site,121,141,0.015151515151515152,0.023255813953488372,0.29198258091608931,0.79479999999999995,1.0
vxmatch_site,122,142,0.0,0.0,NAN,1.0,1.0
vxmatch_site,123,143,0.0,0.0,NAN,1.0,1.0
vxmatch_site,124,144,0.0,0.0,NAN,1.0,1.0
vxmatch_site,125,145,0.39393939393939392,0.69767441860465118,3.2572960255819288,0.0027000000000000357,0.57750000000000057
vxmatch_site,126,146,0.0,0.0,NAN,1.0,1.0
vxmatch_site,127,147,0.0,0.0,NAN,1.0,1.0
vxmatch_site,128,148,0.0,0.0,NAN,1.0,1.0
vxmatch_site,129,149,0.045454545454545456,0.023255813953488372,-0.63860496495914365,0.65589999999999993,1.0
vxmatch_site,130,150,0.0,0.0,NAN,1.0,1.0
vxmatch_site,131,151,0.0,0.0,NAN,1.0,1.0
vxmatch_site,132,152,0.0,0.0,NAN,1.0,1.0
vxmatch_site,133,153,0.2878787878787879,0.41860465116279072,1.3819268883324984,0.20709999999999995,1.0
vxmatch_site,134,154,0.0,0.023255813953488372,1.0,0.73740000000000006,1.0
vxmatch_site,135,155,0.22727272727272727,0.23255813953488372,0.063393915312661878,0.96899999999999997,1.0
vxmatch_site,136,156,0.0,0.0,NAN,1.0,1.0
vxmatch_site,137,157,0.015151515151515152,0.0,-1.0000000000000013,0.12909999999999999,1.0
vxmatch_site,138,158,0.0,0.0,NAN,1.0,1.0
vxmatch_site,139,159,0.0,0.0,NAN,1.0,1.0
vxmatch_site,140,160,0.0,0.0,NAN,1.0,1.0
vxmatch_site,141,161,0.0,0.0,NAN,1.0,1.0
vxmatch_site,142,162,0.0,0.0,NAN,1.0,1.0
vxmatch_site,143,163,0.0,0.0,NAN,1.0,1.0
vxmatch_site,144,164,0.0,0.0,NAN,1.0,1.0
vxmatch_site,145,165,0.0,0.0,NAN,1.0,1.0
vxmatch_site,146,166,0.0,0.0,NAN,1.0,1.0
vxmatch_site,147,167,0.0,0.0,NAN,1.0,1.0
vxmatch_site,148,168,0.045454545454545456,0.0,-1.7593288763724924,0.2258,1.0
vxmatch_site,149,169,0.045454545454545456,0.0,-1.759328876372493,0.076999999999999957,1.0
vxmatch_site,150,170,0.12121212121212122,0.13953488372093023,0.27321693683145937,0.99850000000000005,1.0
vxmatch_site,151,171,0.45454545454545453,0.41860465116279072,-0.36664735820549454,0.83330000000000004,1.0
vxmatch_site,152,172,0.10606060606060606,0.023255813953488372,-1.8518143908075348,0.12939999999999996,1.0
vxmatch_site,153,173,0.21212121212121213,0.11627906976744186,-1.3530075567206714,0.13819999999999999,1.0
vxmatch_site,154,174,0.045454545454545456,0.0,-1.7593288763724926,0.20509999999999995,1.0
vxmatch_site,155,175,0.030303030303030304,0.0,-1.425219281373922,0.31659999999999999,1.0
vxmatch_site,156,176,0.53030303030303028,0.27906976744186046,-2.7056185305871381,0.008900000000000019,0.68530000000000146
vxmatch_site,157,177,0.18181818181818182,0.30232558139534882,1.4094056655383163,0.16839999999999999,1.0
vxmatch_site,158,178,0.13636363636363635,0.093023255813953487,-0.70117285371034266,0.55230000000000001,1.0
vxmatch_site,159,179,0.22727272727272727,0.093023255813953487,-1.9560146287096571,0.072899999999999965,1.0
vxmatch_site,160,180,0.030303030303030304,0.0,-1.4252192813739222,0.22599999999999998,1.0
vxmatch_site,161,181,0.060606060606060608,0.046511627906976744,-0.32067574641338448,0.94220000000000004,1.0
vxmatch_site,162,182,0.39393939393939392,0.30232558139534882,-0.98247907964188086,0.35370000000000001,1.0
vxmatch_site,163,183,0.045454545454545456,0.046511627906976744,0.025463173422893799,0.99380000000000002,1.0
vxmatch_site,164,184,0.0,0.0,NAN,1.0,1.0
vxmatch_site,165,185,0.0,0.0,NAN,1.0,1.0
vxmatch_site,166,186,0.0,0.0,NAN,1.0,1.0
vxmatch_site,167,187,0.030303030303030304,0.0,-1.4252192813739213,0.51580000000000004,1.0
vxmatch_site,168,188,0.15151515151515152,0.11627906976744186,-0.52973443315658852,0.60650000000000004,1.0
vxmatch_site,169,189,0.18181818181818182,0.11627906976744186,-0.95242175509917693,0.37070000000000003,1.0
vxmatch_site,170,190,0.030303030303030304,0.023255813953488372,-0.22364722994247785,0.83799999999999997,1.0
vxmatch_site,171,191,0.030303030303030304,0.023255813953488372,-0.22364722994247785,0.83220000000000005,1.0
vxmatch_site,172,192,0.0,0.0,NAN,1.0,1.0
vxmatch_site,173,193,0.45454545454545453,0.48837209302325579,0.34233825143504659,0.84279999999999999,1.0
vxmatch_site,174,194,0.22727272727272727,0.23255813953488372,0.063393915312661878,0.96850000000000003,1.0
vxmatch_site,175,195,0.0,0.0,NAN,1.0,1.0
vxmatch_site,176,196,0.36363636363636365,0.30232558139534882,-0.66182043885729092,0.53770000000000007,1.0
vxmatch_site,177,197,0.27272727272727271,0.30232558139534882,0.3294091093026465,0.83169999999999999,1.0
vxmatch_site,178,198,0.25757575757575757,0.16279069767441862,-1.2050350052712451,0.20709999999999995,1.0
vxmatch_site,179,199,0.0,0.023255813953488372,1.0,0.7369,1.0
vxmatch_site,180,200,0.0,0.0,NAN,1.0,1.0
vxmatch_site,181,201,0.0,0.0,NAN,1.0,1.0
vxmatch_site,182,202,0.27272727272727271,0.20930232558139536,-0.75851492458020875,0.47689999999999999,1.0
vxmatch_site,183,203,0.0,0.0,NAN,1.0,1.0
vxmatch_site,184,204,0.13636363636363635,0.16279069767441862,0.37162938442808297,0.78269999999999995,1.0
vxmatch_site,185,205,0.0,0.023255813953488372,1.0,0.73740000000000006,1.0
vxmatch_site,186,206,0.0,0.0,NAN,1.0,1.0
vxmatch_site,187,207,0.0,0.023255813953488372,1.0,0.72930000000000006,1.0
vxmatch_site,188,208,0.16666666666666666,0.18604651162790697,0.25574501791426046,0.99980000000000002,1.0
vxmatch_site,189,209,0.0,0.0,NAN,1.0,1.0
vxmatch_site,190,210,0.0,0.0,NAN,1.0,1.0
vxmatch_site,191,211,0.0,0.0,NAN,1.0,1.0
vxmatch_site,192,212,0.54545454545454541,0.69767441860465118,1.619324884479306,0.11319999999999997,1.0
vxmatch_site,193,213,0.0,0.023255813953488372,1.0,0.72189999999999999,1.0
vxmatch_site,194,214,0.25757575757575757,0.20930232558139536,-0.58188805307048141,0.59850000000000003,1.0
vxmatch_site,195,215,0.0,0.0,NAN,1.0,1.0
vxmatch_site,196,216,0.015151515151515152,0.0,-1.0000000000000002,0.59630000000000005,1.0
vxmatch_site,197,217,0.015151515151515152,0.046511627906976744,0.87467137671660788,0.53560000000000008,1.0
vxmatch_site,198,218,0.34848484848484851,0.34883720930232559,0.0037347443378139438,0.99239999999999995,1.0
vxmatch_site,199,219,0.15151515151515152,0.23255813953488372,1.0269949125355127,0.31710000000000005,1.0
vxmatch_site,200,220,0.0,0.0,NAN,1.0,1.0
vxmatch_site,201,221,0.10606060606060606,0.093023255813953487,-0.22140336420043361,0.96209999999999996,1.0
vxmatch_site,202,222,0.36363636363636365,0.41860465116279072,0.5683252382767815,0.68359999999999999,1.0
vxmatch_site,203,223,0.060606060606060608,0.093023255813953487,0.60356651320186994,0.64179999999999993,1.0
vxmatch_site,203a,224,0.045454545454545456,0.16279069767441862,1.8758755518732479,0.053300000000000014,1.0
vxmatch_site,203b,225,0.030303030303030304,0.093023255813953487,1.2643354120835248,0.40369999999999995,1.0
vxmatch_site,203c,226,0.0,0.069767441860465115,1.7748239349298847,0.03180000000000005,1.0
vxmatch_site,204,227,0.045454545454545456,0.069767441860465115,0.51685701590541422,0.55889999999999995,1.0
vxmatch_site,205,228,0.015151515151515152,0.023255813953488372,0.29198258091608931,0.80159999999999998,1.0
vxmatch_site,206,229,0.045454545454545456,0.023255813953488372,-0.63860496495914376,0.58010000000000006,1.0
vxmatch_site,207,230,0.0,0.0,NAN,1.0,1.0
